train_acc,train_loss,val_acc,val_loss
0.009684210526315788,4.6083317,0.008400000000000001,4.6068873
0.009810526315789474,4.606325,0.0076,4.6069584
0.009305263157894737,4.6059713,0.007599999999999999,4.6066203
0.00936842105263158,4.6058016,0.0076,4.6066647
0.009684210526315788,4.6056147,0.0076,4.606626
0.010126315789473685,4.605444,0.0064,4.606749
